,City ID,City Name,Longitude,Latitude,Cloudiness,Temp,Humidity,Wind Speed,Country,Date,Max Temp
0,2027042,Batagay-Alyta,130.4114,67.8006,100,47.12,86,4.23,RU,1659476926,47.12
1,339686,Debre Tabor,38.0167,11.85,100,50.32,96,3.06,ET,1659476927,50.32
2,1006984,East London,27.9116,-33.0153,79,65.57,61,6.46,ZA,1659476927,65.57
3,1819729,Hong Kong,114.1577,22.2855,100,83.05,82,1.01,HK,1659476861,84.38
4,4030556,Rikitea,-134.9692,-23.1203,73,72.36,76,21.0,PF,1659476928,72.36
5,2206939,Bluff,168.3333,-46.6,54,44.8,77,33.31,NZ,1659476928,44.8
6,4508778,Circleville,-82.946,39.6006,1,86.43,66,6.22,US,1659476799,88.84
7,4032243,Vaini,-175.2,-21.2,40,78.96,89,12.66,TO,1659476928,78.96
8,3424607,Tasiilaq,-37.6368,65.6145,18,48.36,60,4.25,GL,1659476929,48.36
9,5880054,Barrow,-156.7887,71.2906,85,48.74,54,12.55,US,1659476929,48.74
10,6201424,Mataura,168.8643,-46.1927,96,44.47,75,9.57,NZ,1659476929,44.47
11,5282297,Bethel,-73.414,41.3712,0,86.34,55,10.36,US,1659476930,89.69
12,5847411,Kahului,-156.47,20.8947,40,85.33,59,21.85,US,1659476930,87.82
13,3366880,Hermanus,19.2345,-34.4187,12,48.79,80,0.89,ZA,1659476930,48.79
14,3416888,Grindavik,-22.4338,63.8424,75,48.67,76,18.41,IS,1659476931,49.95
15,2022572,Khatanga,102.5,71.9667,100,44.01,72,4.85,RU,1659476931,44.01
16,276781,Beirut,35.4944,33.8889,20,81.34,78,3.44,LB,1659476695,81.34
17,6453316,Tromsø,18.957,69.6496,75,51.39,82,8.05,NO,1659476932,51.82
18,2075265,Busselton,115.3333,-33.65,97,54.59,61,30.33,AU,1659476932,54.59
19,4020109,Atuona,-139.0333,-9.8,3,77.25,77,16.31,PF,1659476932,77.25
20,3831208,Qaanaaq,-69.3632,77.484,97,46.76,58,1.36,GL,1659476933,46.76
21,5909514,Brooks,-111.8851,50.5834,0,76.77,34,16.11,CA,1659476933,76.98
22,5802636,Mattawa,-119.9028,46.7379,0,91.4,11,11.95,US,1659476933,91.4
23,2729907,Longyearbyen,15.6401,78.2186,75,51.64,82,5.75,SJ,1659476934,51.64
24,2015306,Tiksi,128.8694,71.6872,100,40.15,82,4.32,RU,1659476934,40.15
25,962367,Richards Bay,32.0377,-28.783,0,63.91,77,14.2,ZA,1659476934,63.91
26,3893726,Constitución,-72.4167,-35.3333,0,50.95,73,11.61,CL,1659476725,50.95
27,3466165,Cidreira,-50.2056,-30.1811,46,60.46,89,9.93,BR,1659476935,60.46
28,2120769,Talaya,152.75,61.3833,100,64.29,62,9.42,RU,1659476935,64.29
29,3443061,Chui,-53.4616,-33.6971,42,55.53,95,7.43,UY,1659476936,55.53
30,3883457,Lebu,-73.65,-37.6167,0,48.74,77,16.22,CL,1659476936,48.74
31,5746545,Portland,-122.6762,45.5234,4,85.64,46,1.99,US,1659476821,90.57
32,3471451,Arraial do Cabo,-42.0278,-22.9661,40,71.46,88,8.05,BR,1659476936,71.56
33,1508260,Novobirilyussy,90.6661,56.9514,100,52.54,78,4.23,RU,1659476937,52.54
34,2126199,Cherskiy,161.3,68.75,100,47.59,98,8.21,RU,1659476937,47.59
35,3418910,Upernavik,-56.1549,72.7868,91,45.75,74,6.04,GL,1659476937,45.75
36,1015776,Bredasdorp,20.0403,-34.5322,47,49.73,85,2.77,ZA,1659476938,49.73
37,4513583,Hamilton,-84.5333,39.1834,0,85.71,59,12.66,US,1659476814,89.17
38,3652764,Puerto Ayora,-90.3518,-0.7393,53,72.55,80,8.99,EC,1659476938,82.36
39,3691582,Talara,-81.2719,-4.5772,0,72.36,68,16.11,PE,1659476938,72.36
40,4946620,Palmer,-72.3287,42.1584,75,82.38,67,20.71,US,1659476939,88.5
41,3466704,Castro,-50.0119,-24.7911,0,62.44,57,3.38,BR,1659476939,62.44
42,2126123,Chokurdakh,147.9167,70.6333,100,54.43,62,7.11,RU,1659476940,54.43
43,1498161,Muzhi,64.6667,65.3667,83,56.43,68,6.46,RU,1659476940,56.43
44,3372707,Ribeira Grande,-28.7,38.5167,28,75.52,82,13.58,PT,1659476940,75.52
45,2381334,Atar,-13.0499,20.5169,8,94.57,31,10.8,MR,1659476910,94.57
46,3833367,Ushuaia,-68.3,-54.8,75,37.06,87,9.22,AR,1659476900,37.06
47,5848280,Kapaa,-159.319,22.0752,75,82.06,66,14.97,US,1659476941,84.52
48,1623197,Tual,132.75,-5.6667,71,79.7,83,13.33,ID,1659476941,79.7
49,6096551,Pangnirtung,-65.7125,66.1451,75,48.2,81,11.5,CA,1659476942,48.2
50,1835848,Seoul,126.9778,37.5683,100,78.35,92,6.91,KR,1659476942,78.4
51,2038665,Alihe,123.7167,50.5667,21,65.91,74,2.33,CN,1659476942,65.91
52,1489656,Teya,92.6267,60.3778,100,49.17,98,1.86,RU,1659476862,49.17
53,5021632,Cloquet,-92.4594,46.7216,100,70.57,71,4.61,US,1659476943,79.99
54,58933,Garoowe,48.4845,8.4054,50,74.71,59,29.62,SO,1659476943,74.71
55,2122090,Pevek,170.3133,69.7008,100,37.71,99,5.95,RU,1659476943,37.71
56,2017155,Saskylakh,114.0833,71.9167,100,43.56,79,8.37,RU,1659476944,43.56
57,5380420,Pacifica,-122.4869,37.6138,75,68.05,80,18.41,US,1659476944,94.6
58,3860443,Comodoro Rivadavia,-67.5,-45.8667,0,48.06,46,10.36,AR,1659476944,48.06
59,2163355,Hobart,147.3294,-42.8794,75,51.42,75,12.66,AU,1659476885,52.27
60,2643044,Margate,1.3862,51.3813,31,65.84,83,4.0,GB,1659476945,66.69
61,1729469,Baculin,126.5842,7.4525,96,78.4,77,2.3,PH,1659476945,78.4
62,1735106,George Town,100.3354,5.4112,20,77.76,93,5.01,MY,1659476707,78.89
63,2112802,Hasaki,140.8333,35.7333,86,82.8,90,7.29,JP,1659476946,82.8
64,286245,Sur,59.5289,22.5667,3,89.06,62,6.49,OM,1659476946,89.06
65,1282256,Hithadhoo,73.0833,-0.6,60,80.08,77,12.46,MV,1659476947,80.08
66,2112309,Katsuura,140.3,35.1333,91,82.22,87,11.01,JP,1659476947,82.22
67,2400547,Gamba,10.0,-2.65,54,69.91,95,6.33,GA,1659476947,69.91
68,3874787,Punta Arenas,-70.9167,-53.15,75,42.91,87,5.75,CL,1659476908,42.91
69,3671387,Puerto Nariño,-70.3831,-3.7703,100,78.67,91,1.36,CO,1659476948,78.67
70,738647,Trabzon Province,39.8333,40.9167,75,73.49,73,2.3,TR,1659476948,73.49
71,935215,Saint-Philippe,55.7679,-21.3585,37,65.79,80,6.42,RE,1659476949,65.79
72,2013918,Ust-Maya,134.5333,60.4167,100,64.53,88,6.49,RU,1659476949,64.53
73,964420,Port Elizabeth,25.5701,-33.918,2,55.31,82,4.61,ZA,1659476949,55.31
74,1106677,Bambous Virieux,57.7575,-20.3428,40,68.25,77,5.75,MU,1659476950,68.25
75,3137469,Sørland,12.6934,67.667,6,53.46,75,14.9,NO,1659476950,53.46
76,2171099,Codrington,141.9667,-38.2667,84,55.15,69,20.94,AU,1659476950,55.15
77,2128983,Nayoro,142.4578,44.3506,100,69.31,94,2.1,JP,1659476951,69.31
78,2074865,Carnarvon,113.6333,-24.8667,99,66.76,64,19.95,AU,1659476951,66.76
79,2449066,Tombouctou,-3.0,20.0,7,98.91,28,17.45,ML,1659476952,98.91
80,5546220,Saint George,-113.5841,37.1041,0,99.61,27,11.5,US,1659476875,100.44
81,3899695,Ancud,-73.8203,-41.8697,98,46.22,87,4.88,CL,1659476952,46.22
82,1283285,Jumla,82.1838,29.2747,100,62.91,98,0.54,NP,1659476952,62.91
83,2450173,Taoudenni,-3.9836,22.6783,42,105.84,10,5.08,ML,1659476953,105.84
84,5856516,‘Āhuimanu,-157.8378,21.4447,40,82.02,61,18.41,US,1659476953,83.86
85,2110227,Butaritari,172.7902,3.0707,98,82.13,74,15.88,KI,1659476953,82.13
86,2077895,Alice Springs,133.8833,-23.7,75,69.35,24,13.8,AU,1659476954,69.35
87,5855927,Hilo,-155.09,19.7297,75,75.54,89,5.75,US,1659476718,82.27
88,4845585,Westport,-73.3579,41.1415,0,87.3,54,12.66,US,1659476711,91.06
89,2249281,Linguère,-15.1193,15.3953,78,83.53,67,12.41,SN,1659476955,83.53
90,3369157,Cape Town,18.4232,-33.9258,0,55.56,90,5.99,ZA,1659476955,56.12
91,3115824,Muros,-9.0603,42.7762,6,69.1,79,9.42,ES,1659476955,71.69
92,4243719,Macon,-88.9668,39.8667,0,75.29,83,9.22,US,1659476941,82.15
93,1507390,Dikson,80.5464,73.5069,79,41.97,90,9.04,RU,1659476956,41.97
94,3618522,Laguna de Perlas,-83.6712,12.3429,100,77.09,90,17.52,NI,1659476956,77.09
95,1637001,Biak,122.8766,-0.9131,90,74.44,87,6.04,ID,1659476956,74.44
96,549718,Kholm-Zhirkovskiy,33.4731,55.5189,96,61.3,87,5.12,RU,1659476957,61.3
97,2434584,Bousso,16.7117,10.4795,96,71.28,94,4.36,TD,1659476957,71.28
98,2206894,Hokitika,170.9667,-42.7167,25,52.95,83,9.24,NZ,1659476957,52.95
99,5733351,Jackson,-122.8345,42.4165,0,94.69,37,5.99,US,1659476958,97.59
100,5930890,Courtenay,-124.9936,49.6866,75,70.79,53,6.91,CA,1659476719,80.02
101,2155415,New Norfolk,147.0587,-42.7826,100,48.51,78,1.99,AU,1659476958,51.93
102,5870133,Nome,-165.4064,64.5011,0,68.07,46,10.36,US,1659476663,69.17
103,6144195,Senneterre,-77.2328,48.3835,18,68.49,41,5.88,CA,1659476959,68.49
104,4034551,Faanui,-151.75,-16.4833,35,78.46,65,24.29,PF,1659476959,78.46
105,6165406,Thompson,-97.8558,55.7435,100,57.36,94,6.91,CA,1659476959,57.36
106,6185377,Yellowknife,-114.3525,62.456,20,68.52,28,6.91,CA,1659476831,68.52
107,3369174,Calvinia,19.776,-31.4707,98,56.71,68,5.1,ZA,1659476960,56.71
108,2264557,Ponta do Sol,-17.1,32.6667,8,71.38,82,6.44,PT,1659476960,71.71
109,2374583,Bubaque,-15.8333,11.2833,52,79.56,82,10.8,GW,1659476961,79.56
110,3145649,Moen,18.6123,69.1304,75,52.52,93,2.3,NO,1659476961,52.52
111,2510573,Teguise,-13.564,29.0605,20,70.02,83,19.57,ES,1659476961,70.02
112,7872834,Baden,16.233,47.9974,67,70.14,73,2.46,AT,1659476962,74.62
113,5563839,Fortuna,-124.1573,40.5982,0,69.82,73,16.11,US,1659476962,73.92
114,1052944,Angoche,39.9086,-16.2325,23,72.09,81,7.85,MZ,1659476899,72.09
115,1706466,Ligayan,119.4706,4.6533,95,83.68,71,6.93,PH,1659476962,83.68
116,2234794,Banyo,11.8167,6.75,98,64.04,96,3.13,CM,1659476733,64.04
117,3609667,French Harbor,-86.4333,16.35,40,82.08,93,10.36,HN,1659476963,82.4
118,3440777,Rocha,-54.3333,-34.4833,42,54.18,98,5.79,UY,1659476963,54.18
119,2156643,Mount Gambier,140.7667,-37.8333,75,53.51,87,19.57,AU,1659476964,53.51
120,2629833,Husavik,-17.3389,66.0449,100,45.28,98,16.78,IS,1659476964,45.28
121,1497337,Kayerkan,87.7602,69.3497,4,42.53,100,8.59,RU,1659476964,42.53
122,5122534,Jamestown,-79.2353,42.097,75,75.0,50,8.05,US,1659476271,77.02
123,3407762,Amapá,-52.0,1.0,99,73.96,95,3.33,BR,1659476965,73.96
124,1177446,Gwadar,62.3254,25.1216,88,81.3,87,9.75,PK,1659476670,81.3
125,2146219,Hervey Bay,152.8535,-25.2986,28,57.02,94,3.0,AU,1659476965,57.02
126,3460214,Jaguariaíva,-49.7058,-24.2511,42,66.72,54,2.84,BR,1659476965,66.72
127,525426,Sobolevo,31.8996,54.4299,100,61.93,93,6.85,RU,1659476966,61.93
128,2274895,Monrovia,-10.7969,6.3005,98,76.77,82,10.25,LR,1659476603,76.77
129,2018498,Olovyannaya,115.5667,50.95,98,67.5,75,3.85,RU,1659476967,67.5
130,2126493,Boshnyakovo,142.1667,49.6333,100,58.64,94,4.09,RU,1659476967,58.64
131,5364271,Laguna,-121.4238,38.421,0,99.01,34,9.22,US,1659476843,103.32
132,3166509,Siniscola,9.6922,40.5719,22,74.75,64,3.85,IT,1659476968,74.75
133,3894426,Coyhaique,-72.0662,-45.5752,75,44.55,65,4.61,CL,1659476717,44.55
134,2012530,Zhigansk,123.3711,66.7697,71,47.84,64,17.92,RU,1659476968,47.84
135,3381538,Grand-Santi,-54.3833,4.25,100,74.86,96,2.39,GF,1659476968,74.86
136,3395458,Maragogi,-35.2225,-9.0122,83,74.84,91,8.28,BR,1659476969,74.84
137,3179216,Celano,13.5398,42.0855,97,63.03,78,1.9,IT,1659476969,65.32
138,305810,Kula,28.6498,38.5473,0,69.53,54,3.65,TR,1659476969,69.53
139,5387494,Ridgecrest,-117.6709,35.6225,20,100.15,24,5.01,US,1659476704,102.02
140,934322,Mahébourg,57.7,-20.4081,40,68.29,77,5.75,MU,1659476970,68.29
141,1526041,Atasū,71.6433,48.6814,95,66.67,64,9.13,KZ,1659476970,66.67
142,2092164,Lorengau,147.2712,-2.0226,86,82.42,76,14.63,PG,1659476738,82.42
143,484290,Privolnyy,46.6587,44.0998,46,73.47,69,7.63,RU,1659476971,73.47
144,1485997,Yeniseysk,92.1703,58.4497,100,51.03,84,3.96,RU,1659476971,51.03
145,2265686,Moura,-7.4486,38.1401,0,75.31,48,5.91,PT,1659476971,75.31
146,2194098,Ahipara,173.1667,-35.1667,100,58.98,80,4.41,NZ,1659476972,58.98
147,3466307,Chapada dos Guimarães,-55.7497,-15.4606,52,87.46,22,4.94,BR,1659476972,87.46
148,2240449,Luanda,13.2343,-8.8368,29,66.2,82,8.05,AO,1659476720,66.2
149,466349,Yurla,54.3223,59.3259,87,54.81,76,2.17,RU,1659476972,54.81
150,3932145,Pisco,-76.2167,-13.7,0,64.45,72,3.44,PE,1659476973,64.45
151,2012956,Yerbogachën,108.0108,61.2767,99,62.92,98,3.47,RU,1659476973,62.92
152,6170031,Tuktoyaktuk,-133.0374,69.4541,75,53.6,87,13.8,CA,1659476973,53.6
153,1510377,Belyy Yar,91.3903,53.6039,75,56.86,89,4.47,RU,1659476974,57.09
154,3374210,São Filipe,-24.4956,14.8961,80,78.21,80,5.28,CV,1659476974,78.21
155,1529660,Aksu,80.2644,41.1231,80,75.58,46,5.44,CN,1659476975,75.58
156,1567788,Soc Trang,105.98,9.6033,94,77.22,89,4.21,VN,1659476975,77.22
157,546105,Nikolskoye,30.7861,59.7035,73,59.5,89,4.27,RU,1659476975,61.81
158,3373329,Arrifes,-25.7,37.7667,75,71.85,78,3.44,PT,1659476975,71.85
159,1528998,Yumen,97.2,40.2833,18,69.67,56,7.23,CN,1659476976,69.67
160,3904906,Santa Cruz de la Sierra,-63.1667,-17.8,40,86.05,54,20.71,BO,1659476937,87.26
161,2646557,Horsham,-0.3272,51.064,0,65.41,88,8.05,GB,1659476976,68.02
162,5882953,Aklavik,-135.0107,68.2191,75,50.0,81,13.8,CA,1659476977,50.0
163,2022083,Kirensk,108.1119,57.7853,100,63.61,97,6.67,RU,1659476977,63.61
164,934479,Grand Gaube,57.6608,-20.0064,0,66.38,75,1.99,MU,1659476977,68.4
165,2015852,Svetlaya,138.3297,46.5389,100,64.81,97,1.68,RU,1659476978,64.81
166,3693584,Pimentel,-79.9342,-6.8367,0,66.49,72,13.8,PE,1659476978,66.49
167,1696188,Palauig,119.9045,15.435,100,80.69,73,3.36,PH,1659476978,80.69
168,964432,Port Alfred,26.891,-33.5906,61,66.24,55,7.38,ZA,1659476979,66.24
169,6089245,Norman Wells,-126.8329,65.282,75,75.24,43,11.5,CA,1659476979,75.24
170,5866583,Saint Paul Harbor,-152.4072,57.79,20,65.71,48,17.27,US,1659476979,65.71
171,1253392,Varkala,76.7067,8.7341,100,74.98,91,18.9,IN,1659476980,74.98
172,2338660,Yaan,8.5667,7.3833,95,71.71,93,3.53,NG,1659476980,71.71
173,3421193,Paamiut,-49.6678,61.994,75,43.56,91,3.4,GL,1659476812,43.56
174,913323,Kaoma,24.8,-14.7833,11,62.37,47,11.21,ZM,1659476981,62.37
175,5367788,Lompoc,-120.4579,34.6391,0,74.32,66,14.97,US,1659476876,80.85
176,3359638,Walvis Bay,14.5053,-22.9575,2,50.95,81,2.3,NA,1659476981,52.09
177,2013921,Ust-Kuyga,135.6,70.0167,100,48.2,72,7.54,RU,1659476981,48.2
178,6167817,Torbay,-52.7314,47.6666,20,76.42,58,13.8,CA,1659476730,77.77
179,2258378,Loandjili,11.8578,-4.7561,29,69.48,92,9.62,CG,1659476982,69.48
180,3353383,Rundu,19.7667,-17.9333,41,61.5,27,5.61,NA,1659476982,61.5
181,5106841,Albany,-73.9662,42.6001,37,84.02,53,1.01,US,1659476707,87.17
182,2028078,Aginskoye,114.53,51.1,100,67.57,75,2.91,RU,1659476983,67.57
183,2138592,Pouembout,164.9,-21.1333,99,74.95,84,5.23,NC,1659476983,74.95
184,1262574,Mūl,79.6667,20.0667,100,79.75,86,1.74,IN,1659476983,79.75
185,1071296,Antalaha,50.2788,-14.9003,59,69.13,76,9.71,MG,1659476983,69.13
186,777019,Vardø,31.1107,70.3705,69,55.38,94,0.0,NO,1659476984,55.38
187,986717,Kruisfontein,24.7314,-34.0033,0,55.0,59,3.53,ZA,1659476984,55.0
188,1185249,Chhāgalnāiya,91.5069,23.03,100,79.38,93,5.01,BD,1659476985,79.38
189,1624041,Ternate,127.4,0.8,100,78.76,82,2.3,ID,1659476985,78.76
190,5924351,Clyde River,-68.5914,70.4692,100,41.23,93,9.22,CA,1659476985,41.23
191,1853371,Ryōtsu-minato,138.4333,38.0833,100,78.26,89,14.99,JP,1659476986,78.26
192,5954718,Flin Flon,-101.865,54.7682,100,58.84,88,12.66,CA,1659476986,58.84
193,5969025,Haines Junction,-137.5108,60.7522,100,53.55,82,2.3,CA,1659476986,53.55
194,3347762,Lubango,13.4925,-14.9172,10,51.57,44,4.45,AO,1659476840,51.57
195,5911745,Burns Lake,-125.7533,54.2331,100,60.22,43,8.08,CA,1659476987,60.22
196,2644037,Llangefni,-4.3106,53.2556,100,63.21,94,32.21,GB,1659476987,67.66
197,2121385,Severo-Kuril'sk,156.125,50.6789,22,55.2,79,7.72,RU,1659476987,55.2
198,3445026,Vila Velha,-40.2925,-20.3297,20,73.94,87,11.5,BR,1659476890,75.15
199,686090,Asău,26.4,46.4333,1,63.52,65,4.63,RO,1659476988,63.52
200,3201047,Dubrovnik,18.0922,42.6481,0,87.44,28,20.71,HR,1659476988,87.44
201,6148373,Sioux Lookout,-91.917,50.1001,40,78.87,53,12.66,CA,1659476988,78.87
202,3792394,Mapiripán,-72.1256,2.8892,84,74.05,94,5.66,CO,1659476989,74.05
203,2093685,Kokopo,152.2633,-4.352,18,81.41,68,6.67,PG,1659476989,81.41
204,5905393,Bonavista,-53.1147,48.6499,97,67.23,72,16.84,CA,1659476989,67.23
205,6137462,Saint-Augustin,-58.6502,51.226,61,66.85,84,19.26,CA,1659476990,66.85
206,4575352,Columbia,-81.0348,34.0007,0,96.03,42,8.05,US,1659476561,97.23
207,1238427,Kuliyapitiya,80.0401,7.4688,100,78.48,93,13.22,LK,1659476990,78.48
208,698861,Novyy Svit,38.0211,47.8059,3,68.23,90,4.63,UA,1659476991,68.23
209,2152659,Port Macquarie,152.9167,-31.4333,100,47.89,70,6.2,AU,1659476761,47.89
210,2013465,Verkhoyansk,133.385,67.5447,99,53.04,73,6.04,RU,1659476991,53.04
211,1510689,Baykit,96.37,61.67,100,53.15,91,2.53,RU,1659476992,53.15
212,2269142,Colares,-9.4469,38.7992,20,69.22,73,21.99,PT,1659476992,70.75
213,3491161,Bull Savanna,-77.5902,17.8868,96,83.37,72,11.18,JM,1659476992,83.37
214,4035715,Avarua,-159.775,-21.2078,75,77.05,53,11.5,CK,1659476992,77.05
215,1179223,Fort Abbas,72.8536,29.1925,55,91.22,55,11.27,PK,1659476993,91.22
216,1657818,Champasak,106.0,14.75,97,72.9,99,0.78,LA,1659476993,72.9
217,3445839,Uberaba,-47.9319,-19.7483,74,81.18,32,4.61,BR,1659476993,81.18
218,5354943,Half Moon Bay,-122.4286,37.4636,0,74.1,64,18.41,US,1659476957,94.87
219,5554428,Ketchikan,-131.6461,55.3422,75,63.07,88,17.27,US,1659476994,63.07
220,3517970,Pochutla,-96.4661,15.7432,49,87.82,59,6.73,MX,1659476994,87.82
221,3372760,Praia da Vitória,-27.0667,38.7333,20,75.45,83,7.54,PT,1659476788,75.76
222,3531368,Celestún,-90.4,20.8667,19,85.39,73,18.57,MX,1659476995,85.39
223,582447,Almaznyy,40.045,48.0448,61,68.11,75,5.03,RU,1659476995,68.11
224,3386213,Touros,-35.4608,-5.1989,45,76.51,85,7.16,BR,1659476995,76.51
225,3423146,Ilulissat,-51.1,69.2167,40,48.22,93,6.91,GL,1659476996,48.22
226,1258731,Rāmānuj Ganj,83.7,23.8,100,77.7,79,1.99,IN,1659476996,77.7
227,1815059,Chenzhou,113.0333,25.8,100,78.71,78,3.67,CN,1659476996,78.71
228,5197085,Lancaster,-76.2499,40.2504,20,87.12,50,13.8,US,1659476857,89.33
229,4462716,Cumberland,-78.8664,35.0502,20,96.51,39,8.05,US,1659476749,99.7
230,4944903,Nantucket,-70.0995,41.2835,0,80.71,83,13.8,US,1659476997,82.51
231,1642773,Japura,102.35,-0.3167,100,73.38,98,2.75,ID,1659476997,73.38
232,556268,Ostrovnoy,39.5131,68.0531,6,53.49,94,7.34,RU,1659476998,53.49
233,1731248,Alugan,125.4808,12.2188,98,80.11,80,0.96,PH,1659476998,80.11
234,4402245,Ozark,-93.206,37.0209,60,94.6,50,3.0,US,1659476844,97.39
235,976361,Middelburg,29.4648,-25.7751,0,47.97,83,4.63,ZA,1659476998,47.97
236,4031574,Provideniya,-173.3,64.3833,0,51.91,76,6.71,RU,1659476999,51.91
237,986134,Kuruman,23.4325,-27.4524,98,50.0,89,19.6,ZA,1659476999,50.0
238,4726521,San Patricio,-97.5169,28.017,9,93.78,46,20.07,US,1659476999,99.32
239,3388847,São Félix do Xingu,-51.995,-6.6447,99,81.52,53,0.85,BR,1659477000,81.52
240,2212775,Sabha,14.4283,27.0377,4,88.27,24,12.24,LY,1659477000,88.27
241,3146684,Lyngdal,7.07,58.1376,100,61.92,91,9.44,NO,1659477000,62.89
242,1268015,Kanhangad,75.1063,12.3081,100,75.94,94,12.41,IN,1659477001,75.94
243,1651810,Airai,125.4092,-8.9266,57,55.15,55,1.95,TL,1659477001,55.15
244,363885,Wau,27.9953,7.7029,42,69.48,91,3.44,SS,1659477002,69.48
245,2070998,Geraldton,114.6,-28.7667,75,57.61,82,12.66,AU,1659476852,57.61
246,2264923,Peniche,-9.3811,39.3558,97,67.8,89,15.75,PT,1659476748,69.3
247,1510916,Barabinsk,78.357,55.3571,6,50.54,85,7.31,RU,1659477002,50.54
248,3372964,Lagoa,-27.9833,39.05,5,74.28,84,15.52,PT,1659477003,74.28
249,4032420,Neiafu,-173.9833,-18.65,40,77.68,88,9.22,TO,1659477003,77.68
250,2381972,Adrar,-10.0711,20.5022,10,95.18,31,16.8,MR,1659477004,95.18
251,1733697,Semporna,118.6112,4.4818,100,77.97,86,2.73,MY,1659477004,77.97
252,2630299,Hofn,-15.2082,64.2539,37,49.57,72,12.77,IS,1659477004,49.57
253,2111884,Miyako,141.9525,39.6367,100,71.98,99,5.39,JP,1659477005,71.98
254,3996426,Matamoros,-103.25,25.5333,75,91.51,25,9.22,MX,1659477005,91.51
255,1337610,Thinadhoo,72.9333,0.5333,77,80.06,77,12.95,MV,1659477005,80.06
256,1049261,Chimoio,33.4833,-19.1164,100,56.95,100,1.77,MZ,1659477006,57.06
257,2142316,Yeppoon,150.7333,-23.1333,15,62.38,90,7.87,AU,1659477006,62.38
258,5557293,Sitka,-135.33,57.0531,100,55.29,94,3.44,US,1659477007,55.29
259,3421982,Maniitsoq,-52.9,65.4167,99,43.5,92,7.78,GL,1659477007,43.5
260,2094342,Kavieng,150.7967,-2.5744,39,82.85,74,15.3,PG,1659477007,82.85
261,1524787,South Kazakhstan Region,68.0,43.0,48,75.31,50,11.41,KZ,1659477008,75.31
262,1895695,Kushima,131.2333,31.4583,98,80.58,92,1.43,JP,1659477008,80.58
263,1293625,Dawei,98.2,14.0833,100,75.87,96,3.98,MM,1659477008,75.87
264,3452599,Posse,-46.3694,-14.0931,11,74.89,32,6.71,BR,1659477009,74.89
265,5110365,Broome,-75.833,42.2506,0,81.68,54,14.97,US,1659477009,85.53
266,2186363,Muriwai Beach,174.45,-36.8167,93,53.98,93,5.26,NZ,1659477009,56.77
267,910361,Limulunga,23.1376,-15.0969,9,63.63,44,7.11,ZM,1659477010,63.63
268,3374333,Praia,-23.5087,14.9215,20,79.34,78,4.61,CV,1659477010,79.34
269,3355672,Lüderitz,15.1594,-26.6481,0,54.12,80,3.06,NA,1659477010,54.12
270,2132606,Samarai,150.6667,-10.6167,38,81.3,83,12.71,PG,1659477011,81.3
271,2186111,Ngunguru,174.5,-35.6167,100,59.52,79,7.25,NZ,1659477011,59.52
272,2063042,Port Hedland,118.5667,-20.3167,40,66.25,88,10.36,AU,1659477011,66.25
273,1648186,Bontang,117.5,0.1333,100,76.15,88,3.09,ID,1659477012,76.15
274,4031637,Lavrentiya,-171.0,65.5833,5,57.4,54,11.48,RU,1659477012,57.4
275,1625929,Sungai Penuh,101.3833,-2.0833,100,63.52,98,0.98,ID,1659477012,63.52
276,1499053,Megion,76.1136,61.0296,32,53.02,78,7.81,RU,1659477013,53.62
277,2160735,Lakes Entrance,147.981,-37.8811,63,57.16,62,8.08,AU,1659477013,57.16
278,2985228,Arrondissement de Provins,3.1667,48.5833,22,68.52,47,5.08,FR,1659477014,72.72
279,3612810,Dulce Nombre de Culmí,-85.5333,15.1,60,79.14,69,5.44,HN,1659477014,79.14
280,1154689,Ko Samui,99.9357,9.5357,94,82.69,71,9.48,TH,1659477014,82.69
281,1082243,Ambilobe,49.05,-13.2,0,61.88,82,4.07,MG,1659477015,61.88
282,2128975,Nemuro,145.575,43.3236,99,60.15,94,8.95,JP,1659476764,60.15
283,2989755,Octeville,-1.6435,49.6261,0,63.09,94,2.3,FR,1659477015,63.09
284,3668605,Santa Marta,-74.199,11.2408,100,78.85,89,5.75,CO,1659477016,78.85
285,654899,Kajaani,27.7285,64.2273,20,55.45,82,11.5,FI,1659477016,55.45
286,364933,Umm Kaddadah,26.6876,13.6017,39,85.19,47,11.45,SD,1659476859,85.19
287,2094027,Kieta,155.6333,-6.2167,33,82.49,75,6.89,PG,1659477016,82.49
288,2766643,St Johann im Pongau,13.2,47.35,14,64.4,93,4.59,AT,1659477017,66.79
289,1337612,Dhidhdhoo,73.1,6.8833,100,80.89,79,21.79,MV,1659477017,80.89
290,2032614,Baruun-Urt,113.2792,46.6806,4,65.91,77,3.22,MN,1659477017,65.91
291,6533368,Moranbah,148.0466,-22.0016,3,61.66,81,9.8,AU,1659477018,61.66
292,2035002,Shangzhi,127.9667,45.2167,91,73.78,92,3.65,CN,1659477018,73.78
293,1067565,Beloha,45.05,-25.1667,0,62.2,69,11.52,MG,1659477018,62.2
294,2027316,Ayan,138.1667,56.45,100,56.64,97,11.61,RU,1659477019,56.64
295,1855540,Naze,129.4833,28.3667,64,79.72,86,8.39,JP,1659477019,79.72
296,4255151,Bud,-86.1758,39.447,72,82.83,66,5.32,US,1659477019,85.19
297,4301317,Morehead,-87.1764,37.2711,0,85.75,62,6.91,US,1659477020,85.75
298,6078372,Moose Factory,-80.6094,51.2585,20,71.58,53,16.11,CA,1659477020,73.4
299,1490256,Talnakh,88.3972,69.4865,1,43.21,76,2.37,RU,1659477021,43.21
300,2126785,Belaya Gora,146.4167,68.5333,100,52.38,86,7.74,RU,1659477021,52.38
301,2644210,Liverpool,-2.9779,53.4106,75,68.23,82,13.8,GB,1659476750,70.29
302,1688781,City of San Pedro,121.0167,14.35,75,77.77,92,2.3,PH,1659477021,78.35
303,6620339,Karratha,116.8463,-20.7377,0,63.52,66,12.93,AU,1659477022,63.52
304,1215502,Banda Aceh,95.3222,5.5577,100,78.3,76,13.89,ID,1659477022,78.3
305,6111862,Port Hardy,-127.4199,50.6996,75,64.58,72,9.22,CA,1659477022,64.58
306,1259552,Pīpri,75.5333,19.8,75,75.78,88,5.75,IN,1659477023,75.78
307,3374083,Bathsheba,-59.5167,13.2167,40,82.06,83,20.71,BB,1659477023,84.81
308,4033375,Tevaitoa,-151.5,-16.7833,27,78.22,66,24.7,PF,1659477023,78.22
309,2512340,Pozoblanco,-4.8483,38.3791,0,80.02,27,5.99,ES,1659476735,80.02
310,5859699,College,-147.8028,64.8569,75,66.16,68,3.44,US,1659477024,66.18
311,2618795,Klaksvík,-6.589,62.2266,98,50.92,93,15.23,FO,1659477024,50.92
312,1786538,Yining,114.5636,29.0361,2,78.75,81,1.57,CN,1659477024,78.75
313,3421765,Nanortalik,-45.2371,60.1432,33,47.12,79,10.92,GL,1659477025,47.12
314,3372472,Vila Franca do Campo,-25.4333,37.7167,74,73.81,74,2.19,PT,1659477025,73.81
315,2180815,Tuatapere,167.6833,-46.1333,84,47.88,84,12.19,NZ,1659477025,47.88
316,2174444,Bowen,148.2333,-20.0167,14,64.76,90,6.44,AU,1659477026,64.76
317,2168305,Dubbo,148.6167,-32.25,100,51.93,87,6.91,AU,1659477026,51.93
318,1223738,Weligama,80.4167,5.9667,100,76.73,86,19.95,LK,1659477026,76.73
319,779622,Havøysund,24.6622,70.9963,100,53.83,93,7.7,NO,1659477027,53.83
320,1508811,Bredy,60.3411,52.4153,99,60.93,84,10.98,RU,1659477027,60.93
321,3663495,Manoel Urbano,-69.2597,-8.8389,91,84.67,55,1.63,BR,1659477028,84.67
322,3576994,Cockburn Town,-71.1419,21.4612,40,85.96,66,11.5,TC,1659476873,85.96
323,1254046,Tura,90.2201,25.5198,100,74.44,93,2.98,IN,1659476768,74.44
324,2562619,Saint Lawrence,14.204,36.0553,0,79.86,82,3.42,MT,1659477028,80.01
325,2417795,Mandiana,-8.6833,10.6333,76,71.15,95,5.5,GN,1659477028,71.15
326,1791636,Weinan,109.5089,34.5036,1,77.14,74,1.63,CN,1659477029,77.14
327,2986626,Plouzané,-4.6167,48.3833,100,62.73,100,9.22,FR,1659477029,62.92
328,5225507,Warwick,-71.4162,41.7001,75,83.28,67,17.27,US,1659476944,88.54
329,602913,Skellefteå,20.9528,64.7507,40,48.99,97,4.61,SE,1659477030,52.16
330,4362001,Mayo,-76.5119,38.8876,0,89.19,57,10.36,US,1659477030,92.95
331,3374120,Vila do Maio,-23.2167,15.1333,58,79.59,75,4.63,CV,1659477030,79.59
332,2012510,Zhireken,117.3076,52.8249,83,63.01,81,1.14,RU,1659477031,63.01
333,1259385,Port Blair,92.75,11.6667,100,78.58,90,23.35,IN,1659477031,78.58
334,3430863,Mar del Plata,-57.5575,-38.0023,100,53.8,96,6.91,AR,1659476950,56.08
335,3157549,Finnsnes,17.9811,69.2296,100,52.41,93,2.82,NO,1659477031,52.41
336,2037078,Hailar,119.7,49.2,2,67.44,82,7.16,CN,1659477032,67.44
337,1649150,Bengkulu,102.2655,-3.8004,52,74.07,91,4.61,ID,1659477032,74.07
338,286621,Salalah,54.0924,17.0151,97,76.78,93,4.65,OM,1659477032,76.78
339,1791779,Wanning,110.3967,18.8003,86,80.6,87,5.86,CN,1659477033,80.6
340,204953,Tshikapa,20.8,-6.4167,100,84.13,37,3.27,CD,1659477033,84.13
341,3838874,Río Cuarto,-64.3499,-33.1307,0,66.54,40,12.66,AR,1659477033,67.77
342,4993125,Forest Hills,-85.4898,42.9595,20,84.02,52,3.44,US,1659477034,87.3
343,2137773,Vao,167.4833,-22.6667,74,73.2,85,10.54,NC,1659477034,73.2
344,1106643,Quatre Cocos,57.7625,-20.2078,0,66.09,66,10.27,MU,1659477034,68.11
345,3361934,Saldanha,17.9442,-33.0117,25,55.45,91,8.3,ZA,1659477035,55.45
346,2654970,Brae,-1.353,60.3964,99,56.73,92,22.48,GB,1659477035,56.73
347,2109701,Auki,160.7034,-8.7676,19,82.24,73,5.97,SB,1659477036,82.24
348,86049,Jalu,21.5482,29.0331,0,81.61,52,16.93,LY,1659477036,81.61
349,2512186,Puerto del Rosario,-13.8627,28.5004,20,78.55,61,12.66,ES,1659477036,78.55
350,2396518,Port-Gentil,8.7815,-0.7193,40,75.16,83,8.05,GA,1659477036,75.16
351,2179825,Waitati,170.5667,-45.75,6,55.8,41,5.79,NZ,1659477037,55.8
352,673506,Meteş,23.4167,46.1,31,64.49,64,3.09,RO,1659477037,64.49
353,2980080,Saint-François,3.9054,46.4154,0,71.04,64,2.3,FR,1659477015,71.04
354,3985710,Cabo San Lucas,-109.9124,22.8909,20,91.71,55,8.05,MX,1659476808,91.71
355,3175096,Laas,10.7002,46.6166,65,67.15,84,1.12,IT,1659477038,68.88
356,1244926,Hambantota,81.1185,6.1241,75,77.34,94,10.36,LK,1659477038,77.34
357,4131116,Siloam Springs,-94.5405,36.1881,20,95.74,46,11.5,US,1659476298,98.42
358,3448903,São João da Barra,-41.0511,-21.6403,57,75.29,86,12.17,BR,1659476952,75.29
359,1645528,Denpasar,115.2167,-8.65,40,76.71,100,3.44,ID,1659476832,76.71
360,2090021,Namatanai,152.4333,-3.6667,28,82.11,71,9.8,PG,1659477039,82.11
361,2037252,Genhe,121.5167,50.7833,10,63.25,81,1.34,CN,1659477039,63.25
362,3136023,Storsteinnes,19.2344,69.2408,100,52.45,94,2.24,NO,1659477039,52.45
363,3402429,Caucaia,-38.6531,-3.7361,40,80.04,76,13.8,BR,1659477040,80.55
364,4589446,North Myrtle Beach,-78.68,33.816,0,87.87,81,12.66,US,1659476905,96.03
365,3448455,São Miguel do Araguaia,-50.1628,-13.275,7,82.06,27,3.31,BR,1659477040,82.06
366,3608828,Iralaya,-83.2333,15.0,100,82.24,85,14.0,HN,1659476898,82.24
367,609924,Emba,58.1442,48.8264,84,69.58,59,8.23,KZ,1659477041,69.58
368,5044290,Saint Anthony,-93.218,45.0205,0,94.26,51,23.02,US,1659477041,96.58
369,485660,Tsimmerbude,20.1347,54.675,100,50.05,71,5.21,RU,1659477041,50.05
370,2071860,Esperance,121.9,-33.8667,31,48.04,65,31.52,AU,1659477042,48.04
371,3697441,El Alto,-81.2147,-4.2714,15,69.46,74,21.59,PE,1659477042,69.46
372,1513491,Yangi Marg`ilon,71.7189,40.4272,80,74.12,49,2.3,UZ,1659477042,74.12
373,2015179,Tommot,126.2925,58.9564,89,64.98,90,1.16,RU,1659477043,64.98
374,3074166,Jince,13.9787,49.7862,82,66.54,72,4.52,CZ,1659477043,71.26
375,1863495,Gushikawa,127.8686,26.3544,0,78.6,93,4.61,JP,1659477043,81.63
376,2122493,Omsukchan,155.8,62.5333,100,53.06,86,8.7,RU,1659477044,53.06
377,3671450,Inírida,-67.9239,3.8653,100,74.84,94,1.23,CO,1659477044,74.84
378,3388456,São José da Coroa Grande,-35.1478,-8.8978,74,75.09,90,7.23,BR,1659477044,75.09
379,2236967,Soyo,12.3689,-6.1349,20,68.9,88,12.44,AO,1659477045,68.9
380,2449893,Tessalit,1.0114,20.1986,100,81.32,51,23.55,ML,1659476983,81.32
381,1267390,Kavaratti,72.642,10.5669,100,77.94,86,27.83,IN,1659477045,77.94
382,665377,Tazlău,26.4667,46.7167,1,60.98,63,5.39,RO,1659477045,63.1
383,1633419,Padang,100.3543,-0.9492,100,75.54,93,4.41,ID,1659477046,75.54
384,2303611,Esim,-2.2405,4.8699,38,73.27,79,7.38,GH,1659477046,73.27
385,2063056,Port Augusta,137.7667,-32.5,58,53.89,86,10.56,AU,1659477046,53.89
386,1274735,Chandla,80.2,25.0833,100,85.68,66,3.71,IN,1659477047,85.68
387,1633442,Paciran,112.3761,-6.8767,58,76.28,88,7.0,ID,1659477047,76.28
388,2120591,Tilichiki,166.1,60.4667,77,55.81,77,2.55,RU,1659477047,55.81
389,299817,Tarsus,34.8784,36.9188,0,82.27,84,2.73,TR,1659477048,82.78
390,372884,Kapoeta,33.5903,4.7717,86,69.84,77,4.41,SS,1659477048,69.84
391,1337605,Mahibadhoo,72.9667,3.7833,100,82.02,73,20.71,MV,1659477049,82.02
392,2018735,Nyurba,118.3319,63.2842,91,59.97,74,7.61,RU,1659477049,59.97
393,3388760,São Geraldo do Araguaia,-48.555,-6.4006,84,86.9,30,1.81,BR,1659477049,86.9
394,3870282,Talcahuano,-73.1167,-36.7167,0,50.36,73,7.63,CL,1659477049,50.36
395,1805857,Jieshi,115.8257,22.8134,100,80.83,82,3.87,CN,1659477050,80.83
396,4231997,Avera,-82.5271,33.194,67,93.81,31,8.1,US,1659477050,94.55
397,2297810,Mumford,-0.759,5.2618,16,72.27,85,9.46,GH,1659477050,72.27
398,780687,Berlevåg,29.0864,70.8578,92,62.4,89,3.49,NO,1659477051,62.4
399,2094746,Kandrian,149.55,-6.2167,78,80.74,82,8.59,PG,1659477051,80.74
400,1275601,Biloli,77.7333,18.7667,100,77.68,86,5.5,IN,1659477052,77.68
401,2235194,Ombessa,11.2565,4.603,92,67.87,97,5.73,CM,1659477052,67.87
402,1277263,Banmankhi,87.1833,25.8833,99,79.45,88,3.83,IN,1659477052,79.45
403,3351500,Caála,15.5606,-12.8525,88,57.65,35,3.4,AO,1659477053,57.65
404,750938,Bayburt,40.2278,40.2589,6,59.38,89,1.92,TR,1659477053,59.38
405,5533366,West Odessa,-102.4988,31.8424,0,97.54,26,15.61,US,1659477053,99.41
406,3414079,Olafsvik,-23.7142,64.8945,48,48.9,67,8.93,IS,1659477054,48.9
407,6171633,Ucluelet,-125.5528,48.9329,97,61.09,87,3.38,CA,1659477054,61.09
408,2297505,Navrongo,-1.0921,10.8956,100,75.11,87,5.14,GH,1659477055,75.11
409,1737714,Limbang,115.0,4.75,100,77.05,98,2.21,MY,1659476936,77.11
410,2016910,Severobaykal'sk,109.3167,55.65,100,50.81,100,1.34,RU,1659477055,50.81
411,3572924,Alice Town,-79.3,25.7167,55,83.73,67,10.25,BS,1659477055,83.73
412,3453060,Pontes e Lacerda,-59.3353,-15.2261,51,83.98,30,1.54,BR,1659476800,83.98
413,1714733,Dingle,122.6711,10.9995,97,75.9,90,5.12,PH,1659477056,75.9
414,2122605,Okhotsk,143.3,59.3833,88,59.16,83,4.14,RU,1659477056,59.16
415,149812,Sokoni,39.55,-6.4333,35,73.26,79,12.15,TZ,1659477057,73.26
416,1214488,Meulaboh,96.1285,4.1363,100,73.99,88,3.78,ID,1659477057,73.99
417,1507116,Dudinka,86.1778,69.4058,7,43.63,79,8.14,RU,1659477057,43.63
418,1488167,Ust'-Koksa,85.6108,50.2696,66,51.67,91,0.63,RU,1659477058,51.67
419,2191562,Dunedin,170.5036,-45.8742,5,55.8,41,1.99,NZ,1659477058,55.8
420,3092472,Malbork,19.0266,54.0359,99,57.54,69,4.85,PL,1659477058,63.88
421,1150965,Ranong,98.6348,9.9658,100,78.01,92,15.37,TH,1659477058,78.01
422,3533462,Acapulco de Juárez,-99.8901,16.8634,4,88.39,62,7.74,MX,1659476903,88.39
423,1860871,Kadoma,135.5833,34.7333,87,83.08,70,4.61,JP,1659477059,86.18
424,609906,Fort-Shevchenko,50.263,44.5086,0,81.09,58,11.32,KZ,1659477059,81.09
425,3853354,Junín,-60.9433,-34.5838,0,58.17,55,7.14,AR,1659476959,58.17
426,2026861,Berdigestyakh,126.6992,62.0989,76,64.72,93,2.59,RU,1659477060,64.72
427,3698608,Celendín,-78.1517,-6.8703,31,70.32,49,6.89,PE,1659477060,70.32
428,8079926,Labuhan,112.2051,-6.8844,36,75.52,90,6.89,ID,1659477060,75.52
429,3408424,Ipixuna,-48.8043,-1.7625,86,80.31,78,4.59,BR,1659477061,80.31
430,3472287,Anápolis,-48.9528,-16.3267,0,78.4,36,4.61,BR,1659476782,82.87
431,2014624,Udachny,112.4,66.4167,100,44.46,100,17.58,RU,1659477061,44.46
432,3837213,San Juan,-68.5364,-31.5375,0,60.55,37,12.24,AR,1659476874,60.55
433,2276492,Harper,-7.7169,4.375,100,75.49,72,7.47,LR,1659477062,75.49
434,1791388,Wenzhou,120.6668,27.9994,11,79.34,90,1.34,CN,1659477062,79.34
435,1337178,Dhamrai,90.2109,23.9202,100,82.38,87,5.03,BD,1659477062,82.38
436,1856068,Nago,127.9761,26.5881,6,78.87,83,0.51,JP,1659477063,81.45
437,2397978,Mounana,13.1586,-1.4085,68,78.44,52,3.71,GA,1659477063,78.44
438,5855051,‘Ewa Beach,-158.0072,21.3156,75,81.77,58,18.41,US,1659477063,84.09
439,1733449,Kinarut,116.0466,5.8231,20,76.91,94,0.0,MY,1659477064,77.02
440,5962442,Goderich,-81.7165,43.7501,8,68.32,68,9.22,CA,1659476978,69.91
441,3974771,Praxédis Guerrero,-106.0167,31.3667,10,99.57,18,7.47,MX,1659477064,99.57
442,1226260,Trincomalee,81.2335,8.5711,100,79.36,81,25.34,LK,1659477065,79.36
443,6149996,Smithers,-127.1743,54.7804,100,59.32,72,2.3,CA,1659477065,59.32
444,1253237,Verāval,70.3667,20.9,100,81.9,81,10.69,IN,1659477065,81.9
445,2399831,Lékoni,14.2591,-1.5843,87,83.89,39,2.89,GA,1659477065,83.89
446,6050066,La Ronge,-105.2842,55.1001,100,57.45,82,19.57,CA,1659477066,57.45
447,3453014,Porangatu,-49.1486,-13.4408,8,81.12,27,3.36,BR,1659477066,81.12
448,2745087,Gemeente Wageningen,5.6667,51.9667,21,70.03,81,1.14,NL,1659477066,72.95
449,1856392,Muroto-misakicho,134.15,33.2833,66,81.5,84,9.48,JP,1659477067,81.5
450,1715775,Lantawan,123.9833,10.6167,59,76.69,85,1.12,PH,1659477067,76.69
451,2037485,Erenhot,111.9767,43.6475,53,74.82,68,7.61,CN,1659477067,74.82
452,2122414,Orotukan,151.7,62.2667,100,64.44,63,5.79,RU,1659477068,64.44
453,3672086,Pizarro,-77.366,4.9533,96,78.06,87,6.02,CO,1659477068,78.06
454,1512101,Agirish,63.0231,61.9247,25,55.62,67,4.41,RU,1659477068,55.62
455,933995,Souillac,57.5167,-20.5167,40,68.38,77,5.75,MU,1659477069,68.38
456,3450083,Santa Maria,-53.8069,-29.6842,75,56.5,100,11.5,BR,1659476866,56.5
457,4047434,Russell,-85.1999,32.3502,0,84.76,66,3.44,US,1659477069,88.88
458,100926,Umluj,37.2685,25.0213,37,86.83,51,5.68,SA,1659477070,86.83
459,2392087,Porto-Novo,2.6036,6.4965,100,75.02,77,7.78,BJ,1659477009,75.02
460,2208248,Kaitangata,169.8464,-46.2817,44,51.01,67,15.66,NZ,1659477070,51.01
461,3393692,Itarema,-39.9167,-2.9248,40,78.55,81,15.03,BR,1659477070,78.55
462,2068655,Katherine,132.2667,-14.4667,91,64.72,72,0.0,AU,1659477071,64.72
463,3430443,Necochea,-58.7368,-38.5473,100,53.56,81,5.41,AR,1659477071,53.56
464,3466750,Cassilândia,-51.7342,-19.1133,5,78.1,30,5.7,BR,1659477071,78.1
465,2610343,Vestmanna,-7.1664,62.1564,75,49.12,87,9.22,FO,1659477072,49.12
466,2021370,Kul'dur,131.6333,49.2167,27,69.04,94,3.24,RU,1659477072,69.04
467,1633034,Palu,119.8707,-0.8917,89,73.76,95,3.13,ID,1659477072,73.76
468,1805334,Jinxiang,120.6062,27.4327,39,79.84,84,2.17,CN,1659477073,79.84
469,5374920,Morro Bay,-120.8499,35.3658,93,84.61,42,5.01,US,1659477073,98.94
470,1688696,San Policarpo,125.5072,12.1791,96,80.38,80,0.98,PH,1659477073,80.38
471,2082539,Merauke,140.3333,-8.4667,61,77.07,89,9.93,ID,1659477074,77.07
472,1529484,Kumul,93.45,42.8,50,71.42,68,6.13,CN,1659477074,71.42
473,4036284,Alofi,-169.9187,-19.0595,40,78.69,73,14.97,NU,1659477038,78.69
474,1865661,Aioi,134.4681,34.8036,69,83.35,77,5.64,JP,1659477075,83.35
475,2109528,Buala,159.5921,-8.145,27,82.47,75,9.69,SB,1659477075,82.47
476,3382160,Cayenne,-52.3333,4.9333,78,84.09,1,3.44,GF,1659477075,84.09
477,2268406,Evora,-7.9,38.5667,0,71.29,58,6.29,PT,1659477076,71.29
478,3346015,Sumbe,13.8437,-11.2061,94,65.59,82,5.55,AO,1659477076,65.59
479,3573374,The Valley,-63.0578,18.217,20,84.99,74,13.8,AI,1659477077,87.66
480,1852357,Shimoda,138.95,34.6667,100,81.1,86,9.64,JP,1659476990,81.1
481,1505991,Igarka,86.5833,67.4667,0,41.11,90,8.08,RU,1659477077,41.11
482,5955902,Fort Nelson,-122.7002,58.8053,75,71.19,49,12.66,CA,1659477077,71.19
483,371745,Kutum,24.6667,14.2,82,68.47,70,14.29,SD,1659477078,68.47
484,3465228,Coxim,-54.76,-18.5067,90,82.9,19,3.67,BR,1659476792,82.9
485,2123814,Leningradskiy,178.4167,69.3833,100,57.45,52,6.64,RU,1659477078,57.45
486,57000,Hobyo,48.5268,5.3505,8,75.7,83,26.26,SO,1659477079,75.7
487,2328952,Nguru,10.4526,12.8791,96,72.52,89,11.99,NG,1659477079,72.52
488,1520253,Zharkent,80.0,44.1628,77,70.41,34,4.74,KZ,1659477079,70.41
489,5563397,Eureka,-124.1637,40.8021,32,67.33,77,5.01,US,1659477080,74.19
490,5972291,Havre-St-Pierre,-63.5986,50.2334,100,64.76,100,11.5,CA,1659477080,64.76
491,3466980,Caravelas,-39.2481,-17.7125,12,69.93,83,5.17,BR,1659477080,69.93
492,7671223,Kloulklubed,134.2556,7.0419,100,75.7,70,8.61,PW,1659476856,75.7
493,1047660,Cuamba,36.5372,-14.8031,89,64.36,79,4.65,MZ,1659477081,64.36
494,2221053,Wum,10.0667,6.3833,97,62.51,98,2.82,CM,1659477081,62.51
495,779683,Hammerfest,23.6821,70.6634,75,54.05,87,5.75,NO,1659477082,54.05
496,3564394,Chambas,-78.9136,22.1928,13,85.71,67,13.49,CU,1659477082,85.71
497,1180295,Dera Bugti,69.151,29.0307,1,87.06,63,4.68,PK,1659477082,87.06
498,3868626,Valparaíso,-71.6273,-33.0393,0,56.79,78,9.22,CL,1659477083,59.23
499,6174727,Wabana,-52.9481,47.6332,20,73.76,59,13.8,CA,1659477083,77.58
500,2036892,Hohhot,111.6522,40.8106,0,71.89,68,4.47,CN,1659476838,71.89
501,3402648,Carutapera,-46.02,-1.195,14,77.65,84,8.19,BR,1659476843,77.65
502,1486031,Yemel'yanovo,92.6767,56.1681,0,54.41,87,4.47,RU,1659477083,54.41
503,2063036,Port Lincoln,135.8667,-34.7333,0,55.33,74,18.21,AU,1659477084,55.33
504,4021858,Guerrero Negro,-114.0611,27.9769,100,80.55,54,19.71,MX,1659476986,80.55
505,608270,Shubarshi,57.1869,48.5872,19,71.96,55,7.16,KZ,1659477084,71.96
506,3998473,Lo Arado,-104.5833,19.6167,62,87.6,59,5.46,MX,1659477085,87.6
507,491685,Smolenskaya,38.8018,44.7887,53,72.77,88,3.22,RU,1659477085,75.02
508,1625908,Sungai Raya,108.9,0.7,92,76.66,89,2.75,ID,1659477085,76.66
509,788357,Majdanpek,21.946,44.4277,32,64.18,63,1.48,RS,1659477086,64.18
510,259289,Corinth,22.9573,37.9407,0,77.9,46,3.0,GR,1659477086,77.9
511,4074277,Madison,-86.5667,34.7334,0,91.04,59,5.75,US,1659477086,94.78
512,515879,Oktyabr'skiy,53.471,54.4815,2,58.86,96,5.3,RU,1659477087,58.86
513,2022232,Khrebtovaya,104.2494,56.7032,100,52.32,98,8.66,RU,1659477087,52.32
514,3674676,Mitú,-70.1733,1.1983,100,71.01,99,1.12,CO,1659476806,71.01
515,3461214,Inhapim,-42.12,-19.5492,40,64.99,68,3.09,BR,1659477087,64.99
516,2281120,Tabou,-7.3528,4.423,100,75.63,71,7.52,CI,1659477088,75.63
517,1529102,Ürümqi,87.6005,43.801,0,74.35,38,2.24,CN,1659476838,74.35
518,3155152,Gravdal,13.5031,68.1214,20,48.09,93,10.36,NO,1659477088,48.09
519,2514651,Los Llanos de Aridane,-17.9182,28.6585,20,76.12,76,18.41,ES,1659477090,76.12
520,5888001,Atikokan,-91.6216,48.7555,99,80.73,42,9.86,CA,1659477090,80.73
521,2686162,Oskarshamn,16.4484,57.2645,100,63.99,48,8.95,SE,1659477090,63.99
522,1648636,Bitung,125.1824,1.4451,93,72.45,86,10.22,ID,1659477091,72.45
523,304013,Mut,33.4389,36.6439,0,84.96,45,4.63,TR,1659477091,84.96
524,2738381,Lata,-8.3327,40.1629,0,62.58,93,1.97,PT,1659477091,62.58
525,5587385,Burley,-113.7928,42.5357,20,78.76,44,18.41,US,1659477092,78.76
526,2527087,Tiznit Province,-9.5,29.5833,31,89.51,22,2.19,MA,1659477092,89.51
527,495670,Sharlyk,54.75,52.9167,7,60.39,94,9.37,RU,1659477092,60.39
528,1734705,Kuala Terengganu,103.1408,5.3302,20,76.95,94,3.44,MY,1659477093,76.95
529,1538641,Kedrovyy,91.8167,56.1667,97,51.87,77,3.44,RU,1659477093,52.21
530,3038789,Abbeville,1.8333,50.1,54,64.02,93,3.71,FR,1659476823,66.49
531,5396987,Solano,-121.9511,38.2333,20,93.58,31,13.8,US,1659477094,100.53
532,1529376,Korla,86.1469,41.7597,1,73.62,48,2.17,CN,1659477094,73.62
533,2611060,Tvøroyri,-6.8111,61.5556,98,51.3,86,10.49,FO,1659477094,51.3
534,2270385,Camacha,-16.3333,33.0833,75,67.42,78,13.8,PT,1659477095,67.42
535,1693303,Pitogo,122.0881,13.7847,94,77.61,90,3.22,PH,1659477095,77.61
536,6942803,Caraquet,-64.9386,47.7941,72,72.14,90,6.76,CA,1659477095,72.14
537,2032201,Bulgan,103.5347,48.8125,100,59.25,88,6.33,MN,1659477096,59.25
538,575521,Bogorodskoye,37.8833,56.55,94,62.33,68,2.51,RU,1659477096,62.33
539,2123292,Mgachi,142.2667,51.05,100,57.97,96,5.7,RU,1659477096,57.97
540,1213855,Sibolga,98.7792,1.7427,100,74.7,90,3.6,ID,1659477097,74.7
541,1504382,Kargasok,80.8572,59.0556,3,48.63,82,6.98,RU,1659477097,48.63
542,2030065,Mandalgovi,106.2708,45.7625,3,70.61,52,7.09,MN,1659477098,70.61
543,1255619,Srīvardhan,73.0167,18.0333,99,79.86,84,5.48,IN,1659477098,79.86
544,113632,Taft,54.2088,31.7471,0,82.35,21,4.61,IR,1659477098,82.35
545,214614,Kamina,24.9906,-8.7386,68,66.85,35,5.32,CD,1659477099,66.85
546,2108857,Gizo Government Station,156.8419,-8.103,18,82.67,74,8.68,SB,1659477099,82.67
547,1295765,Sittwe,92.9,20.15,100,81.46,83,5.7,MM,1659477061,81.46
548,3404558,Cabedelo,-34.8339,-6.9811,6,75.87,85,7.11,BR,1659477099,75.87
549,2057087,Kupang,123.5833,-10.1667,9,71.26,83,6.17,ID,1659477100,71.26
550,491422,Sochi,39.7303,43.6,11,73.49,85,2.91,RU,1659477100,73.49
551,3696183,Iquitos,-73.2472,-3.7481,40,84.24,74,3.44,PE,1659476802,84.24
552,3163146,Andenes,16.1194,69.3143,75,49.98,87,5.75,NO,1659477100,49.98
553,2355404,Solenzo,-4.0833,12.1833,100,78.37,75,5.79,BF,1659477101,78.37
554,1073482,Anjozorobe,47.8667,-18.4,85,52.52,85,7.83,MG,1659477101,52.52
555,2068110,Kununurra,128.7333,-15.7667,52,57.18,94,0.0,AU,1659477101,57.18
556,1516048,Khovd,91.6419,48.0056,66,63.7,42,6.26,MN,1659477102,63.7
